Artist,Song,Album,Release Date
KAYTRANADA,Culture (feat. Teedra Moses),Culture (feat. Teedra Moses),2019-12-12
SANNI,Lately,If You Don't Understand It's Ok,2021-04-16
Atwood,SRT,SRT,2020-07-03
Ant Saunders,Yellow Hearts,Yellow Hearts,2019-06-18
Noni,MIDORI,MIDORI,2023-10-26
CLAUDIA,The Worst Part,The Worst Part,2023-09-14
No Guidnce,If Only You Knew,If Only You Knew,2023-08-17
I'MIN,A Mirage,A Mirage,2022-09-09
Scuare,These Words (Again),These Words (Again),2020-02-10
Good Kid,From the Start,From the Start,2023-11-10
