Playlist Name,Owner,Total Tracks
Without Me Radio Archive,Spencer Presley,51
"I’m not the imposter, you are.",Spencer Presley,28
Billie likes Catfish,Spencer Presley,20
Richmond Jazz Fest,Spencer Presley,10
overthinkers,Spencer Presley,51
Camp Rock,Spencer Presley,11
Goodnight Moon Music,Spencer Presley,12
Your Top Songs 2016,Spotify,101
Infinite Acoustic,Spotify,160
Rock Hits ⚡️,Filtr Legacy Sweden,232
Lose your way,Inés Gil Prados,127
Hello... Is it me you're looking for? Ale,alemontru,119
Little bit...,Spencer Presley,2
Queen Greatest Hits! +,listdmusic,52
Piano Ballads,Spotify,75
The Most Beautiful Songs in the World,Spotify,85
Life Sucks,Spotify,200
Long As I Can See The Light,michael.mansoor,162
Jay Z.  Alicia Keys,Spencer Presley,46
Workout,Spencer Presley,36
"Carmen Twillie, Lebo M. — Circle Of Life - From ""The Lion King""",Spencer Presley,1
Ingrid Michaelson and John Mayer,Spencer Presley,55
Maroon 5 and Sara Bareilles,Spencer Presley,129
Mix of anything,Spencer Presley,51
Studytime Playlist,Jesse SP,14
Paradise valley influencers playlist,Spencer Presley,0
